#1.Gene_Id	2.Gene_name	3.Chromosome_and_genomic_position	4.Strand	5.Event_type	6.Variable_part_length	7.Frameshift_?	8.CDS_?	9.Gene_biotype	10.number_of_known_splice_sites/number_of_SNPs	11.genomic_blocs_size_(upper_path)	12.genomic_position_of_each_splice_site_(upper_path)/of_each_SNP	13.paralogs_?	14.Complex_event_?	15.snp_in_variable_region	16.Event_name	17.genomic_blocs_size_(lower_path)	18.genomic_position_of_each_splice_site_(lower_path)	19.Psi_for_each_replicate	20.Read_coverage(upper_path)	21.Read_coverage(lower_path)	22.Canonical_sites?
NA	NA	multiple	NA	-	88	True	NA	NA	NA	882	NA	inexact_repeats	-	NA	bcc_45273|Cycle_0	74	NA	NA			-
NA	NA	NC_035108.1:306187624-306188972	-	altA	0	False	NA	NA	no_known_ss	51,41	306187674,306188932	regular	0	False	bcc_19763|Cycle_3	48,41	306187671,306188932	NA			-
NA	NA	NC_035108.1:429690585-429690985	+	altD	25	True	NA	NA	no_known_ss	293,41	429690877,429690945	regular	2	False	bcc_52589|Cycle_7	41,41	429690625,429690945	NA			-
NA	NA	NC_035108.1:429690585-429690985	+	IR	31	True	NA	NA	no_known_ss	401	-	regular	2	False	bcc_52589|Cycle_5	41,41	429690625,429690945	NA			GT/AG
NA	NA	NC_035108.1:136168595-136169434	+	altA	19	True	NA	NA	no_known_ss	38,238	136168632,136169197	regular	0	False	bcc_77037|Cycle_2	38,42	136168632,136169393	NA			-
NA	NA	multiple	NA	-	169	True	NA	NA	NA	NA	NA	one_path_mapped	-	NA	bcc_110515|Cycle_4	NA	NA	NA			-
NA	NA	NC_035108.1:190759883-190759971	+	deletion	0	False	NA	NA	no_known_ss	89	-	regular	0	False	bcc_99749|Cycle_2	89	190759924	NA			-
NA	NA	NC_035109.1:26858389-26877787	+	ES_MULTI	10	True	NA	NA	no_known_ss	41,84,15,40	26858429,26867411,26867494,26868655,26868669,26877748	regular	1	False	bcc_25004|Cycle_2	41,40	26858429,26877748	NA			-
NA	NA	NC_035109.1:26858389-26877793	+	ES	8	True	NA	NA	no_known_ss	41,84,46	26858429,26867411,26867494,26877748	regular	1	False	bcc_25004|Cycle_1	41,46	26858429,26877748	NA			-
NA	NA	NC_035109.1:41186093-41195595	+	altD	48	False	NA	NA	no_known_ss	520,40	41186612,41195556	regular	0	True	bcc_105240|Cycle_2	40,40	41186132,41195556	NA			-
NA	NA	multiple	NA	-	14	True	NA	NA	NA	NA	NA	not_mapped	-	NA	bcc_66618|Cycle_2306	NA	NA	NA			-
NA	NA	NC_035108.1:41899301-41899701	+	altD	6	False	NA	NA	no_known_ss	100,45	41899400,41899657	regular	0	False	bcc_112290|Cycle_886	39,45	41899339,41899657	NA			-
NA	NA	multiple	NA	-	8	True	NA	NA	NA	123	NA	inexact_repeats	-	NA	bcc_60521|Cycle_7	72	NA	NA			-
NA	NA	NC_035109.1:369471642-369484815	-	altA	7	True	NA	NA	no_known_ss	198,39	369471839,369484777	regular	0	False	bcc_64971|Cycle_6	127,39	369471768,369484777	NA			-
NA	NA	multiple	NA	-	17	True	NA	NA	NA	15,37,204	NA	inexact_repeats	-	NA	bcc_70474|Cycle_168	80	NA	NA			-
NA	NA	multiple	NA	-	2	True	NA	NA	NA	NA	NA	not_mapped	-	NA	bcc_97740|Cycle_176	NA	NA	NA			-
NA	NA	NC_035109.1:271143426-271143510	+	deletion	0	False	NA	NA	no_known_ss	85	-	regular	0	False	bcc_111187|Cycle_26	85	271143459	NA			-
NA	NA	multiple	NA	-	2	True	NA	NA	NA	NA	NA	one_path_mapped	-	NA	bcc_93576|Cycle_9	NA	NA	NA			-
NA	NA	NC_035107.1:290197670-290207678	-	ES	25	True	NA	NA	no_known_ss	40,252,41	290197709,290198774,290199025,290207638	regular	0	True	bcc_91859|Cycle_25	40,41	290197709,290207638	NA			-
NA	NA	multiple	NA	-	73	True	NA	NA	NA	39,489,174	NA	inexact_repeats	-	NA	bcc_83033|Cycle_13	45,41	NA	NA			-
NA	NA	NC_035107.1:5695321-5708270	+	ES_MULTI	8	True	NA	NA	no_known_ss	40,45,42,42	5695360,5695656,5695700,5695853,5695894,5708229	regular	1	False	bcc_73250|Cycle_18	40,42	5695360,5708229	NA			-
NA	NA	NC_035107.1:5695321-5708270	+	ES_MULTI	16	True	NA	NA	no_known_ss	40,45,42,78,42	5695360,5695656,5695700,5695853,5695894,5696379,5696456,5708229	regular	1	False	bcc_73250|Cycle_2	40,42	5695360,5708229	NA			-
NA	NA	multiple	NA	-	9	False	NA	NA	NA	149,41	NA	other_repeats	-	NA	bcc_91323|Cycle_11	58,41	NA	NA			-
NA	NA	NC_035109.1:269800156-269800925	+	ES	18	False	NA	NA	no_known_ss	37,177,47	269800192,269800541,269800717,269800879	regular	0	False	bcc_99506|Cycle_9	37,47	269800192,269800879	NA			-
NA	NA	NC_035108.1:262127296-262127460	+	altA	2	True	NA	NA	no_known_ss	46,57	262127341,262127404	regular	0	False	bcc_106749|Cycle_0	46,41	262127341,262127420	NA			-
NA	NA	NC_035108.1:447640762-447641037	+	IR	19	True	NA	NA	no_known_ss	276	-	regular	1	False	bcc_106195|Cycle_3	40,43	447640801,447640995	NA			CT/AC
NA	NA	NC_035107.1:5715894-5715979	+	deletion	0	False	NA	NA	no_known_ss	86	5715926	regular	0	False	bcc_73234|Cycle_11	86	5715934	NA			-
NA	NA	multiple	NA	-	1	True	NA	NA	NA	NA	NA	one_path_mapped	-	NA	bcc_13254|Cycle_3	NA	NA	NA			-
NA	NA	NC_035109.1:255581346-255581493	+	altD	0	False	NA	NA	no_known_ss	44,49	255581389,255581445	regular	0	False	bcc_107640|Cycle_3	41,49	255581386,255581445	NA			-
NA	NA	multiple	NA	-	2	True	NA	NA	NA	NA	NA	one_path_mapped	-	NA	bcc_71406|Cycle_2	NA	NA	NA			-
NA	NA	NC_035108.1:362549345-362550671	-	altD	102	False	NA	NA	no_known_ss	40,1067	362549384,362549605	regular	1	True	bcc_104039|Cycle_8	40,41	362549384,362550631	NA			-
NA	NA	NC_035109.1:286847041-286847185	-	IR	6	False	NA	NA	no_known_ss	145	-	regular	0	True	bcc_92952|Cycle_3	42,39	286847082,286847147	NA			GT/AG
NA	NA	NC_035109.1:197273237-197273338	+	deletion	0	False	NA	NA	no_known_ss	102	-	regular	0	False	bcc_33356|Cycle_1	102	197273287	NA			-
NA	NA	NC_035108.1:468934702-468942034	+	ES	8	True	NA	NA	no_known_ss	40,72,40	468934741,468934863,468934934,468941995	regular	0	False	bcc_98104|Cycle_1	40,40	468934741,468941995	NA			-
NA	NA	multiple	NA	-	0	False	NA	NA	NA	NA	NA	one_path_mapped	-	NA	bcc_56429|Cycle_22179678	NA	NA	NA			-
NA	NA	NC_035107.1:150842968-150852858	-	ES	7	True	NA	NA	no_known_ss	44,76,40	150843011,150850754,150850829,150852819	regular	0	False	bcc_56429|Cycle_22181903	44,40	150843011,150852819	NA			-
NA	NA	multiple	NA	-	11	True	NA	NA	NA	NA	NA	one_path_mapped	-	NA	bcc_56429|Cycle_35017346	NA	NA	NA			-
NA	NA	NC_035108.1:229323637-229492105	+	ES_MULTI	31	True	NA	NA	no_known_ss	40,164,145,41	229323676,229387777,229387940,229416117,229416261,229492065	regular	0	False	bcc_56429|Cycle_22191060	40,41	229323676,229492065	NA			-
NA	NA	NC_035108.1:154072570-154072653	-	indel	0	False	NA	NA	no_known_ss	84	154072620	regular	0	False	bcc_56429|Cycle_35003540	84	154072611	NA			-
NA	NA	multiple	NA	-	0	False	NA	NA	NA	85	NA	exact_repeats	-	NA	bcc_56429|Cycle_35006797	85	NA	NA			-
NA	NA	NC_035109.1:230584197-230591976	+	ES	74	True	NA	NA	no_known_ss	40,741,58	230584236,230590897,230591637,230591919	regular	0	True	bcc_56429|Cycle_22186276	40,58	230584236,230591919	NA			-
NA	NA	NC_035108.1:261771379-261771473	+	deletion	1	True	NA	NA	no_known_ss	95	-	regular	0	False	bcc_56429|Cycle_34843277	95	261771416	NA			-
NA	NA	NC_035108.1:318299743-318299912	+	IR	8	True	NA	NA	no_known_ss	170	-	regular	0	False	bcc_56429|Cycle_34959542	40,40	318299782,318299873	NA			GT/AG
NA	NA	NC_035107.1:292204539-292299189	+	ES	635	True	NA	NA	no_known_ss	41,6378,54	292204579,292221778,292228155,292299136	regular	0	True	bcc_56429|Cycle_35015001	41,54	292204579,292299136	NA			-
NA	NA	NC_035108.1:17175454-17175602	-	IR	6	False	NA	NA	no_known_ss	149	-	regular	0	False	bcc_56429|Cycle_34958158	52,41	17175505,17175562	NA			AT/AG
NA	NA	NC_035108.1:214567409-214568064	+	IR	57	False	NA	NA	no_known_ss	656	-	regular	0	False	bcc_56429|Cycle_22179663	40,44	214567448,214568021	NA			CT/AC
NA	NA	multiple	NA	-	16	True	NA	NA	NA	157,46	NA	inexact_repeats	-	NA	bcc_56429|Cycle_23869776	89	NA	NA			-
NA	NA	NC_035109.1:276271056-276271173	-	deletion	1	True	NA	NA	no_known_ss	118	-	regular	0	False	bcc_56429|Cycle_22081175	118	276271099	NA			-
NA	NA	NC_035108.1:76146471-76146652	-	IR	5	True	NA	NA	no_known_ss	182	-	regular	0	False	bcc_56429|Cycle_22146712	71,65	76146541,76146588	NA			TC/TT
NA	NA	NC_035107.1:248110477-248110797	+	IR	12	False	NA	NA	no_known_ss	321	-	regular	0	True	bcc_56429|Cycle_19378508	91,108	248110567,248110690	NA			AT/CC
NA	NA	NC_035109.1:185259687-185259819	+	deletion	1	True	NA	NA	no_known_ss	133	-	regular	0	False	bcc_56429|Cycle_19433906	133	185259746	NA			-
NA	NA	NC_035109.1:200744168-200744367	-	IR	10	True	NA	NA	no_known_ss	200	-	regular	0	False	bcc_56429|Cycle_32543038	51,43	200744218,200744325	NA			AA/CA
NA	NA	NC_035108.1:221116560-221116874	-	IR	20	True	NA	NA	no_known_ss	315	-	regular	0	False	bcc_56429|Cycle_34970552	61,55	221116620,221116820	NA			GT/AG
NA	NA	NC_035109.1:154371545-154371897	+	IR	24	False	NA	NA	no_known_ss	353	-	regular	0	False	bcc_56429|Cycle_22149698	46,73	154371590,154371825	NA			AC/CC
NA	NA	multiple	NA	-	5	True	NA	NA	NA	156	NA	exact_repeats	-	NA	bcc_56429|Cycle_35006710	68,42	NA	NA			-
NA	NA	NC_035109.1:254234263-254234465	-	IR	9	False	NA	NA	no_known_ss	203	-	regular	0	False	bcc_56429|Cycle_23889045	51,66	254234313,254234400	NA			CT/CA
NA	NA	NC_035108.1:166852209-166854283	-	altA	96	False	NA	NA	no_known_ss	1001,63	166853209,166854221	regular	2	True	bcc_56429|Cycle_19372747	41,63	166852249,166854221	NA			-
NA	NA	NC_035108.1:166852209-166854283	-	IR	197	True	NA	NA	no_known_ss	2075	-	regular	2	True	bcc_56429|Cycle_19372749	41,63	166852249,166854221	NA			CT/AC
NA	NA	NC_035107.1:159166738-159167052	-	IR	20	True	NA	NA	no_known_ss	315	-	regular	0	False	bcc_56429|Cycle_32657953	72,30	159166809,159167023	NA			GT/AG
NA	NA	multiple	NA	-	3	False	NA	NA	NA	NA	NA	not_mapped	-	NA	bcc_58684|Cycle_2040099	NA	NA	NA			-
NA	NA	NC_035108.1:240690930-240691013	+	deletion	1	True	NA	NA	no_known_ss	84	-	regular	0	False	bcc_91681|Cycle_1	84	240690969	NA			-
NA	NA	multiple	NA	-	2	True	NA	NA	NA	NA	NA	one_path_mapped	-	NA	bcc_96941|Cycle_1	NA	NA	NA			-
NA	NA	multiple	NA	-	2	True	NA	NA	NA	NA	NA	one_path_mapped	-	NA	bcc_114703|Cycle_1	NA	NA	NA			-
NA	NA	NC_035109.1:271991698-271991785	+	deletion	0	False	NA	NA	no_known_ss	88	-	regular	0	False	bcc_63555|Cycle_3408	88	271991736	NA			-
NA	NA	NC_035109.1:24277022-24277105	-	indel	0	False	NA	NA	no_known_ss	84	24277064	regular	0	False	bcc_3357|Cycle_4	84	24277062	NA			-
NA	NA	NC_035109.1:234078563-234082692	-	ES	8	True	NA	NA	no_known_ss	43,78,41	234078605,234081696,234081773,234082652	regular	0	False	bcc_109641|Cycle_6	43,41	234078605,234082652	NA			-
NA	NA	NC_035108.1:426404774-426404883	+	IR	2	True	NA	NA	no_known_ss	110	-	regular	1	False	bcc_96453|Cycle_6	44,42	426404817,426404842	NA			TG/AA
NA	NA	NC_035107.1:224309367-224309512	+	IR	6	False	NA	NA	no_known_ss	146	-	regular	0	False	bcc_110714|Cycle_2	41,40	224309407,224309473	NA			GT/AG
NA	NA	NC_035108.1:295739835-295739915	+	deletion	0	False	NA	NA	no_known_ss	81	-	regular	0	False	bcc_106049|Cycle_1	81	295739870	NA			-
NA	NA	multiple	NA	-	118	True	NA	NA	NA	46,1091	NA	inexact_repeats	-	NA	bcc_100588|Cycle_10	46,45	NA	NA			-
NA	NA	NC_035108.1:251906423-251906509	+	indel	0	False	NA	NA	no_known_ss	87	251906474	regular	0	False	bcc_94445|Cycle_4	87	251906464	NA			-
NA	NA	NC_035107.1:39935088-39955059	-	altD	1	True	NA	NA	no_known_ss	42,47	39935129,39955013	regular	0	False	bcc_87284|Cycle_1	42,38	39935129,39955022	NA			-
NA	NA	multiple	NA	-	5	True	NA	NA	NA	76,69	NA	inexact_repeats	-	NA	bcc_29012|Cycle_1686	97	NA	NA			-
NA	NA	multiple	NA	-	15	False	NA	NA	NA	75,154	NA	inexact_repeats	-	NA	bcc_69265|Cycle_204	83	NA	NA			-
NA	NA	NC_035107.1:61967020-61967103	+	deletion	0	False	NA	NA	no_known_ss	84	-	regular	0	False	bcc_29235|Cycle_52	84	61967059	NA			-
NA	NA	NC_035108.1:369783537-369811196	-	ES_MULTI	33	False	NA	NA	no_known_ss	40,84,84,84,84,41	369783576,369808131,369808214,369808370,369808453,369808742,369808825,369809937,369810020,369811156	regular	0	False	bcc_865|Cycle_23	40,41	369783576,369811156	NA			-
NA	NA	NC_035108.1:369818114-369819575	+	ES	9	False	NA	NA	no_known_ss	41,84,47	369818154,369818887,369818970,369819529	regular	0	False	bcc_865|Cycle_47	41,47	369818154,369819529	NA			-
NA	NA	NC_035109.1:269130375-269187600	-	altD	5	True	NA	NA	no_known_ss	50,98	269130424,269187503	regular	0	False	bcc_74548|Cycle_108	50,39	269130424,269187562	NA			-
NA	NA	multiple	NA	-	6	False	NA	NA	NA	157	NA	exact_repeats	-	NA	bcc_55830|Cycle_12	40,49	NA	NA			-
NA	NA	NC_035108.1:3836341-3873411	-	ES	42	False	NA	NA	no_known_ss	39,415,40	3836379,3866497,3866911,3873372	regular	0	True	bcc_77817|Cycle_7	39,40	3836379,3873372	NA			-
NA	NA	NC_035108.1:256413268-256413510	-	IR	16	True	NA	NA	no_known_ss	243	-	regular	1	True	bcc_74655|Cycle_6	44,41	256413311,256413470	NA			GT/AG
NA	NA	NC_035108.1:152957787-152961003	-	altD	0	False	NA	NA	no_known_ss	42,47	152957828,152960957	regular	1	False	bcc_75687|Cycle_1	42,41	152957828,152960963	NA			-
NA	NA	NC_035108.1:152957787-152961011	+	altA	0	False	NA	NA	no_known_ss	42,55	152957828,152960957	regular	1	False	bcc_75687|Cycle_3	42,49	152957828,152960963	NA			-
NA	NA	NC_035109.1:22157965-22158049	-	deletion	0	False	NA	NA	no_known_ss	85	22158005	regular	0	False	bcc_83254|Cycle_6	85	22158005	NA			-
NA	NA	NC_035108.1:231656927-231657018	-	deletion	1	True	NA	NA	no_known_ss	92	-	regular	0	False	bcc_20333|Cycle_5	92	231656968	NA			-
NA	NA	NC_035109.1:297287074-297287165	-	indel	0	False	NA	NA	no_known_ss	92	297287134	regular	0	False	bcc_98438|Cycle_21	92	297287123	NA			-
NA	NA	NC_035108.1:352207998-352208888	-	IR	81	False	NA	NA	no_known_ss	891	-	regular	1	True	bcc_96425|Cycle_5	39,41	352208036,352208848	NA			GT/AG
NA	NA	NC_035107.1:108298651-108301089	-	ES	9	False	NA	NA	no_known_ss	48,94,41	108298698,108298916,108299009,108301049	regular	0	False	bcc_106990|Cycle_4	48,41	108298698,108301049	NA			-
NA	NA	multiple	NA	-	0	False	NA	NA	NA	87	NA	exact_repeats	-	NA	bcc_88618|Cycle_2	87	NA	NA			-
NA	NA	NC_035108.1:301817036-301817202	-	IR	9	False	NA	NA	no_known_ss	167	-	regular	0	False	bcc_96226|Cycle_1	40,44	301817075,301817159	NA			GT/AG
NA	NA	NC_035108.1:199084643-199084748	+	IR	2	True	NA	NA	no_known_ss	106	-	regular	0	False	bcc_109682|Cycle_1	39,43	199084681,199084706	NA			AG/TC
